R,G,B,Color
232,97,78,red
232,97,59,red
232,97,6,red
232,97,55,red
232,97,98,red
232,97,97,red
232,97,68,red
232,97,40,red
232,97,72,red
232,97,74,red
232,90,78,red
232,90,59,red
232,90,6,red
232,90,55,red
232,90,98,red
232,90,97,red
232,90,68,red
232,90,40,red
232,90,72,red
232,90,74,red
232,29,78,red
232,29,59,red
232,29,6,red
232,29,55,red
232,29,98,red
232,29,97,red
232,29,68,red
232,29,40,red
232,29,72,red
232,29,74,red
232,48,78,red
232,48,59,red
232,48,6,red
232,48,55,red
232,48,98,red
232,48,97,red
232,48,68,red
232,48,40,red
232,48,72,red
232,48,74,red
232,64,78,red
232,64,59,red
232,64,6,red
232,64,55,red
232,64,98,red
232,64,97,red
232,64,68,red
232,64,40,red
232,64,72,red
232,64,74,red
232,71,78,red
232,71,59,red
232,71,6,red
232,71,55,red
232,71,98,red
232,71,97,red
232,71,68,red
232,71,40,red
232,71,72,red
232,71,74,red
232,32,78,red
232,32,59,red
232,32,6,red
232,32,55,red
232,32,98,red
232,32,97,red
232,32,68,red
232,32,40,red
232,32,72,red
232,32,74,red
232,69,78,red
232,69,59,red
232,69,6,red
232,69,55,red
232,69,98,red
232,69,97,red
232,69,68,red
232,69,40,red
232,69,72,red
232,69,74,red
232,81,78,red
232,81,59,red
232,81,6,red
232,81,55,red
232,81,98,red
232,81,97,red
232,81,68,red
232,81,40,red
232,81,72,red
232,81,74,red
232,85,78,red
232,85,59,red
232,85,6,red
232,85,55,red
232,85,98,red
232,85,97,red
232,85,68,red
232,85,40,red
232,85,72,red
232,85,74,red
243,97,78,red
243,97,59,red
243,97,6,red
243,97,55,red
243,97,98,red
243,97,97,red
243,97,68,red
243,97,40,red
243,97,72,red
243,97,74,red
243,90,78,red
243,90,59,red
243,90,6,red
243,90,55,red
243,90,98,red
243,90,97,red
243,90,68,red
243,90,40,red
243,90,72,red
243,90,74,red
243,29,78,red
243,29,59,red
243,29,6,red
243,29,55,red
243,29,98,red
243,29,97,red
243,29,68,red
243,29,40,red
243,29,72,red
243,29,74,red
243,48,78,red
243,48,59,red
243,48,6,red
243,48,55,red
243,48,98,red
243,48,97,red
243,48,68,red
243,48,40,red
243,48,72,red
243,48,74,red
243,64,78,red
243,64,59,red
243,64,6,red
243,64,55,red
243,64,98,red
243,64,97,red
243,64,68,red
243,64,40,red
243,64,72,red
243,64,74,red
243,71,78,red
243,71,59,red
243,71,6,red
243,71,55,red
243,71,98,red
243,71,97,red
243,71,68,red
243,71,40,red
243,71,72,red
243,71,74,red
243,32,78,red
243,32,59,red
243,32,6,red
243,32,55,red
243,32,98,red
243,32,97,red
243,32,68,red
243,32,40,red
243,32,72,red
243,32,74,red
243,69,78,red
243,69,59,red
243,69,6,red
243,69,55,red
243,69,98,red
243,69,97,red
243,69,68,red
243,69,40,red
243,69,72,red
243,69,74,red
243,81,78,red
243,81,59,red
243,81,6,red
243,81,55,red
243,81,98,red
243,81,97,red
243,81,68,red
243,81,40,red
243,81,72,red
243,81,74,red
243,85,78,red
243,85,59,red
243,85,6,red
243,85,55,red
243,85,98,red
243,85,97,red
243,85,68,red
243,85,40,red
243,85,72,red
243,85,74,red
250,97,78,red
250,97,59,red
250,97,6,red
250,97,55,red
250,97,98,red
250,97,97,red
250,97,68,red
250,97,40,red
250,97,72,red
250,97,74,red
250,90,78,red
250,90,59,red
250,90,6,red
250,90,55,red
250,90,98,red
250,90,97,red
250,90,68,red
250,90,40,red
250,90,72,red
250,90,74,red
250,29,78,red
250,29,59,red
250,29,6,red
250,29,55,red
250,29,98,red
250,29,97,red
250,29,68,red
250,29,40,red
250,29,72,red
250,29,74,red
250,48,78,red
250,48,59,red
250,48,6,red
250,48,55,red
250,48,98,red
250,48,97,red
250,48,68,red
250,48,40,red
250,48,72,red
250,48,74,red
250,64,78,red
250,64,59,red
250,64,6,red
250,64,55,red
250,64,98,red
250,64,97,red
250,64,68,red
250,64,40,red
250,64,72,red
250,64,74,red
250,71,78,red
250,71,59,red
250,71,6,red
250,71,55,red
250,71,98,red
250,71,97,red
250,71,68,red
250,71,40,red
250,71,72,red
250,71,74,red
250,32,78,red
250,32,59,red
250,32,6,red
250,32,55,red
250,32,98,red
250,32,97,red
250,32,68,red
250,32,40,red
250,32,72,red
250,32,74,red
250,69,78,red
250,69,59,red
250,69,6,red
250,69,55,red
250,69,98,red
250,69,97,red
250,69,68,red
250,69,40,red
250,69,72,red
250,69,74,red
250,81,78,red
250,81,59,red
250,81,6,red
250,81,55,red
250,81,98,red
250,81,97,red
250,81,68,red
250,81,40,red
250,81,72,red
250,81,74,red
250,85,78,red
250,85,59,red
250,85,6,red
250,85,55,red
250,85,98,red
250,85,97,red
250,85,68,red
250,85,40,red
250,85,72,red
250,85,74,red
249,97,78,red
249,97,59,red
249,97,6,red
249,97,55,red
249,97,98,red
249,97,97,red
249,97,68,red
249,97,40,red
249,97,72,red
249,97,74,red
249,90,78,red
249,90,59,red
249,90,6,red
249,90,55,red
249,90,98,red
249,90,97,red
249,90,68,red
249,90,40,red
249,90,72,red
249,90,74,red
249,29,78,red
249,29,59,red
249,29,6,red
249,29,55,red
249,29,98,red
249,29,97,red
249,29,68,red
249,29,40,red
249,29,72,red
249,29,74,red
249,48,78,red
249,48,59,red
249,48,6,red
249,48,55,red
249,48,98,red
249,48,97,red
249,48,68,red
249,48,40,red
249,48,72,red
249,48,74,red
249,64,78,red
249,64,59,red
249,64,6,red
249,64,55,red
249,64,98,red
249,64,97,red
249,64,68,red
249,64,40,red
249,64,72,red
249,64,74,red
249,71,78,red
249,71,59,red
249,71,6,red
249,71,55,red
249,71,98,red
249,71,97,red
249,71,68,red
249,71,40,red
249,71,72,red
249,71,74,red
249,32,78,red
249,32,59,red
249,32,6,red
249,32,55,red
249,32,98,red
249,32,97,red
249,32,68,red
249,32,40,red
249,32,72,red
249,32,74,red
249,69,78,red
249,69,59,red
249,69,6,red
249,69,55,red
249,69,98,red
249,69,97,red
249,69,68,red
249,69,40,red
249,69,72,red
249,69,74,red
249,81,78,red
249,81,59,red
249,81,6,red
249,81,55,red
249,81,98,red
249,81,97,red
249,81,68,red
249,81,40,red
249,81,72,red
249,81,74,red
249,85,78,red
249,85,59,red
249,85,6,red
249,85,55,red
249,85,98,red
249,85,97,red
249,85,68,red
249,85,40,red
249,85,72,red
249,85,74,red
238,97,78,red
238,97,59,red
238,97,6,red
238,97,55,red
238,97,98,red
238,97,97,red
238,97,68,red
238,97,40,red
238,97,72,red
238,97,74,red
238,90,78,red
238,90,59,red
238,90,6,red
238,90,55,red
238,90,98,red
238,90,97,red
238,90,68,red
238,90,40,red
238,90,72,red
238,90,74,red
238,29,78,red
238,29,59,red
238,29,6,red
238,29,55,red
238,29,98,red
238,29,97,red
238,29,68,red
238,29,40,red
238,29,72,red
238,29,74,red
238,48,78,red
238,48,59,red
238,48,6,red
238,48,55,red
238,48,98,red
238,48,97,red
238,48,68,red
238,48,40,red
238,48,72,red
238,48,74,red
238,64,78,red
238,64,59,red
238,64,6,red
238,64,55,red
238,64,98,red
238,64,97,red
238,64,68,red
238,64,40,red
238,64,72,red
238,64,74,red
238,71,78,red
238,71,59,red
238,71,6,red
238,71,55,red
238,71,98,red
238,71,97,red
238,71,68,red
238,71,40,red
238,71,72,red
238,71,74,red
238,32,78,red
238,32,59,red
238,32,6,red
238,32,55,red
238,32,98,red
238,32,97,red
238,32,68,red
238,32,40,red
238,32,72,red
238,32,74,red
238,69,78,red
238,69,59,red
238,69,6,red
238,69,55,red
238,69,98,red
238,69,97,red
238,69,68,red
238,69,40,red
238,69,72,red
238,69,74,red
238,81,78,red
238,81,59,red
238,81,6,red
238,81,55,red
238,81,98,red
238,81,97,red
238,81,68,red
238,81,40,red
238,81,72,red
238,81,74,red
238,85,78,red
238,85,59,red
238,85,6,red
238,85,55,red
238,85,98,red
238,85,97,red
238,85,68,red
238,85,40,red
238,85,72,red
238,85,74,red
206,97,78,red
206,97,59,red
206,97,6,red
206,97,55,red
206,97,98,red
206,97,97,red
206,97,68,red
206,97,40,red
206,97,72,red
206,97,74,red
206,90,78,red
206,90,59,red
206,90,6,red
206,90,55,red
206,90,98,red
206,90,97,red
206,90,68,red
206,90,40,red
206,90,72,red
206,90,74,red
206,29,78,red
206,29,59,red
206,29,6,red
206,29,55,red
206,29,98,red
206,29,97,red
206,29,68,red
206,29,40,red
206,29,72,red
206,29,74,red
206,48,78,red
206,48,59,red
206,48,6,red
206,48,55,red
206,48,98,red
206,48,97,red
206,48,68,red
206,48,40,red
206,48,72,red
206,48,74,red
206,64,78,red
206,64,59,red
206,64,6,red
206,64,55,red
206,64,98,red
206,64,97,red
206,64,68,red
206,64,40,red
206,64,72,red
206,64,74,red
206,71,78,red
206,71,59,red
206,71,6,red
206,71,55,red
206,71,98,red
206,71,97,red
206,71,68,red
206,71,40,red
206,71,72,red
206,71,74,red
206,32,78,red
206,32,59,red
206,32,6,red
206,32,55,red
206,32,98,red
206,32,97,red
206,32,68,red
206,32,40,red
206,32,72,red
206,32,74,red
206,69,78,red
206,69,59,red
206,69,6,red
206,69,55,red
206,69,98,red
206,69,97,red
206,69,68,red
206,69,40,red
206,69,72,red
206,69,74,red
206,81,78,red
206,81,59,red
206,81,6,red
206,81,55,red
206,81,98,red
206,81,97,red
206,81,68,red
206,81,40,red
206,81,72,red
206,81,74,red
206,85,78,red
206,85,59,red
206,85,6,red
206,85,55,red
206,85,98,red
206,85,97,red
206,85,68,red
206,85,40,red
206,85,72,red
206,85,74,red
207,97,78,red
207,97,59,red
207,97,6,red
207,97,55,red
207,97,98,red
207,97,97,red
207,97,68,red
207,97,40,red
207,97,72,red
207,97,74,red
207,90,78,red
207,90,59,red
207,90,6,red
207,90,55,red
207,90,98,red
207,90,97,red
207,90,68,red
207,90,40,red
207,90,72,red
207,90,74,red
207,29,78,red
207,29,59,red
207,29,6,red
207,29,55,red
207,29,98,red
207,29,97,red
207,29,68,red
207,29,40,red
207,29,72,red
207,29,74,red
207,48,78,red
207,48,59,red
207,48,6,red
207,48,55,red
207,48,98,red
207,48,97,red
207,48,68,red
207,48,40,red
207,48,72,red
207,48,74,red
207,64,78,red
207,64,59,red
207,64,6,red
207,64,55,red
207,64,98,red
207,64,97,red
207,64,68,red
207,64,40,red
207,64,72,red
207,64,74,red
207,71,78,red
207,71,59,red
207,71,6,red
207,71,55,red
207,71,98,red
207,71,97,red
207,71,68,red
207,71,40,red
207,71,72,red
207,71,74,red
207,32,78,red
207,32,59,red
207,32,6,red
207,32,55,red
207,32,98,red
207,32,97,red
207,32,68,red
207,32,40,red
207,32,72,red
207,32,74,red
207,69,78,red
207,69,59,red
207,69,6,red
207,69,55,red
207,69,98,red
207,69,97,red
207,69,68,red
207,69,40,red
207,69,72,red
207,69,74,red
207,81,78,red
207,81,59,red
207,81,6,red
207,81,55,red
207,81,98,red
207,81,97,red
207,81,68,red
207,81,40,red
207,81,72,red
207,81,74,red
207,85,78,red
207,85,59,red
207,85,6,red
207,85,55,red
207,85,98,red
207,85,97,red
207,85,68,red
207,85,40,red
207,85,72,red
207,85,74,red
215,97,78,red
215,97,59,red
215,97,6,red
215,97,55,red
215,97,98,red
215,97,97,red
215,97,68,red
215,97,40,red
215,97,72,red
215,97,74,red
215,90,78,red
215,90,59,red
215,90,6,red
215,90,55,red
215,90,98,red
215,90,97,red
215,90,68,red
215,90,40,red
215,90,72,red
215,90,74,red
215,29,78,red
215,29,59,red
215,29,6,red
215,29,55,red
215,29,98,red
215,29,97,red
215,29,68,red
215,29,40,red
215,29,72,red
215,29,74,red
215,48,78,red
215,48,59,red
215,48,6,red
215,48,55,red
215,48,98,red
215,48,97,red
215,48,68,red
215,48,40,red
215,48,72,red
215,48,74,red
215,64,78,red
215,64,59,red
215,64,6,red
215,64,55,red
215,64,98,red
215,64,97,red
215,64,68,red
215,64,40,red
215,64,72,red
215,64,74,red
215,71,78,red
215,71,59,red
215,71,6,red
215,71,55,red
215,71,98,red
215,71,97,red
215,71,68,red
215,71,40,red
215,71,72,red
215,71,74,red
215,32,78,red
215,32,59,red
215,32,6,red
215,32,55,red
215,32,98,red
215,32,97,red
215,32,68,red
215,32,40,red
215,32,72,red
215,32,74,red
215,69,78,red
215,69,59,red
215,69,6,red
215,69,55,red
215,69,98,red
215,69,97,red
215,69,68,red
215,69,40,red
215,69,72,red
215,69,74,red
215,81,78,red
215,81,59,red
215,81,6,red
215,81,55,red
215,81,98,red
215,81,97,red
215,81,68,red
215,81,40,red
215,81,72,red
215,81,74,red
215,85,78,red
215,85,59,red
215,85,6,red
215,85,55,red
215,85,98,red
215,85,97,red
215,85,68,red
215,85,40,red
215,85,72,red
215,85,74,red
235,97,78,red
235,97,59,red
235,97,6,red
235,97,55,red
235,97,98,red
235,97,97,red
235,97,68,red
235,97,40,red
235,97,72,red
235,97,74,red
235,90,78,red
235,90,59,red
235,90,6,red
235,90,55,red
235,90,98,red
235,90,97,red
235,90,68,red
235,90,40,red
235,90,72,red
235,90,74,red
235,29,78,red
235,29,59,red
235,29,6,red
235,29,55,red
235,29,98,red
235,29,97,red
235,29,68,red
235,29,40,red
235,29,72,red
235,29,74,red
235,48,78,red
235,48,59,red
235,48,6,red
235,48,55,red
235,48,98,red
235,48,97,red
235,48,68,red
235,48,40,red
235,48,72,red
235,48,74,red
235,64,78,red
235,64,59,red
235,64,6,red
235,64,55,red
235,64,98,red
235,64,97,red
235,64,68,red
235,64,40,red
235,64,72,red
235,64,74,red
235,71,78,red
235,71,59,red
235,71,6,red
235,71,55,red
235,71,98,red
235,71,97,red
235,71,68,red
235,71,40,red
235,71,72,red
235,71,74,red
235,32,78,red
235,32,59,red
235,32,6,red
235,32,55,red
235,32,98,red
235,32,97,red
235,32,68,red
235,32,40,red
235,32,72,red
235,32,74,red
235,69,78,red
235,69,59,red
235,69,6,red
235,69,55,red
235,69,98,red
235,69,97,red
235,69,68,red
235,69,40,red
235,69,72,red
235,69,74,red
235,81,78,red
235,81,59,red
235,81,6,red
235,81,55,red
235,81,98,red
235,81,97,red
235,81,68,red
235,81,40,red
235,81,72,red
235,81,74,red
235,85,78,red
235,85,59,red
235,85,6,red
235,85,55,red
235,85,98,red
235,85,97,red
235,85,68,red
235,85,40,red
235,85,72,red
235,85,74,red
247,97,78,red
247,97,59,red
247,97,6,red
247,97,55,red
247,97,98,red
247,97,97,red
247,97,68,red
247,97,40,red
247,97,72,red
247,97,74,red
247,90,78,red
247,90,59,red
247,90,6,red
247,90,55,red
247,90,98,red
247,90,97,red
247,90,68,red
247,90,40,red
247,90,72,red
247,90,74,red
247,29,78,red
247,29,59,red
247,29,6,red
247,29,55,red
247,29,98,red
247,29,97,red
247,29,68,red
247,29,40,red
247,29,72,red
247,29,74,red
247,48,78,red
247,48,59,red
247,48,6,red
247,48,55,red
247,48,98,red
247,48,97,red
247,48,68,red
247,48,40,red
247,48,72,red
247,48,74,red
247,64,78,red
247,64,59,red
247,64,6,red
247,64,55,red
247,64,98,red
247,64,97,red
247,64,68,red
247,64,40,red
247,64,72,red
247,64,74,red
247,71,78,red
247,71,59,red
247,71,6,red
247,71,55,red
247,71,98,red
247,71,97,red
247,71,68,red
247,71,40,red
247,71,72,red
247,71,74,red
247,32,78,red
247,32,59,red
247,32,6,red
247,32,55,red
247,32,98,red
247,32,97,red
247,32,68,red
247,32,40,red
247,32,72,red
247,32,74,red
247,69,78,red
247,69,59,red
247,69,6,red
247,69,55,red
247,69,98,red
247,69,97,red
247,69,68,red
247,69,40,red
247,69,72,red
247,69,74,red
247,81,78,red
247,81,59,red
247,81,6,red
247,81,55,red
247,81,98,red
247,81,97,red
247,81,68,red
247,81,40,red
247,81,72,red
247,81,74,red
247,85,78,red
247,85,59,red
247,85,6,red
247,85,55,red
247,85,98,red
247,85,97,red
247,85,68,red
247,85,40,red
247,85,72,red
247,85,74,red
24,240,38,green
24,240,49,green
24,240,82,green
24,240,59,green
24,240,73,green
24,240,52,green
24,240,2,green
24,240,22,green
24,240,93,green
24,240,58,green
24,236,38,green
24,236,49,green
24,236,82,green
24,236,59,green
24,236,73,green
24,236,52,green
24,236,2,green
24,236,22,green
24,236,93,green
24,236,58,green
24,219,38,green
24,219,49,green
24,219,82,green
24,219,59,green
24,219,73,green
24,219,52,green
24,219,2,green
24,219,22,green
24,219,93,green
24,219,58,green
24,233,38,green
24,233,49,green
24,233,82,green
24,233,59,green
24,233,73,green
24,233,52,green
24,233,2,green
24,233,22,green
24,233,93,green
24,233,58,green
24,201,38,green
24,201,49,green
24,201,82,green
24,201,59,green
24,201,73,green
24,201,52,green
24,201,2,green
24,201,22,green
24,201,93,green
24,201,58,green
24,216,38,green
24,216,49,green
24,216,82,green
24,216,59,green
24,216,73,green
24,216,52,green
24,216,2,green
24,216,22,green
24,216,93,green
24,216,58,green
24,209,38,green
24,209,49,green
24,209,82,green
24,209,59,green
24,209,73,green
24,209,52,green
24,209,2,green
24,209,22,green
24,209,93,green
24,209,58,green
24,239,38,green
24,239,49,green
24,239,82,green
24,239,59,green
24,239,73,green
24,239,52,green
24,239,2,green
24,239,22,green
24,239,93,green
24,239,58,green
24,241,38,green
24,241,49,green
24,241,82,green
24,241,59,green
24,241,73,green
24,241,52,green
24,241,2,green
24,241,22,green
24,241,93,green
24,241,58,green
24,221,38,green
24,221,49,green
24,221,82,green
24,221,59,green
24,221,73,green
24,221,52,green
24,221,2,green
24,221,22,green
24,221,93,green
24,221,58,green
60,240,38,green
60,240,49,green
60,240,82,green
60,240,59,green
60,240,73,green
60,240,52,green
60,240,2,green
60,240,22,green
60,240,93,green
60,240,58,green
60,236,38,green
60,236,49,green
60,236,82,green
60,236,59,green
60,236,73,green
60,236,52,green
60,236,2,green
60,236,22,green
60,236,93,green
60,236,58,green
60,219,38,green
60,219,49,green
60,219,82,green
60,219,59,green
60,219,73,green
60,219,52,green
60,219,2,green
60,219,22,green
60,219,93,green
60,219,58,green
60,233,38,green
60,233,49,green
60,233,82,green
60,233,59,green
60,233,73,green
60,233,52,green
60,233,2,green
60,233,22,green
60,233,93,green
60,233,58,green
60,201,38,green
60,201,49,green
60,201,82,green
60,201,59,green
60,201,73,green
60,201,52,green
60,201,2,green
60,201,22,green
60,201,93,green
60,201,58,green
60,216,38,green
60,216,49,green
60,216,82,green
60,216,59,green
60,216,73,green
60,216,52,green
60,216,2,green
60,216,22,green
60,216,93,green
60,216,58,green
60,209,38,green
60,209,49,green
60,209,82,green
60,209,59,green
60,209,73,green
60,209,52,green
60,209,2,green
60,209,22,green
60,209,93,green
60,209,58,green
60,239,38,green
60,239,49,green
60,239,82,green
60,239,59,green
60,239,73,green
60,239,52,green
60,239,2,green
60,239,22,green
60,239,93,green
60,239,58,green
60,241,38,green
60,241,49,green
60,241,82,green
60,241,59,green
60,241,73,green
60,241,52,green
60,241,2,green
60,241,22,green
60,241,93,green
60,241,58,green
60,221,38,green
60,221,49,green
60,221,82,green
60,221,59,green
60,221,73,green
60,221,52,green
60,221,2,green
60,221,22,green
60,221,93,green
60,221,58,green
17,240,38,green
17,240,49,green
17,240,82,green
17,240,59,green
17,240,73,green
17,240,52,green
17,240,2,green
17,240,22,green
17,240,93,green
17,240,58,green
17,236,38,green
17,236,49,green
17,236,82,green
17,236,59,green
17,236,73,green
17,236,52,green
17,236,2,green
17,236,22,green
17,236,93,green
17,236,58,green
17,219,38,green
17,219,49,green
17,219,82,green
17,219,59,green
17,219,73,green
17,219,52,green
17,219,2,green
17,219,22,green
17,219,93,green
17,219,58,green
17,233,38,green
17,233,49,green
17,233,82,green
17,233,59,green
17,233,73,green
17,233,52,green
17,233,2,green
17,233,22,green
17,233,93,green
17,233,58,green
17,201,38,green
17,201,49,green
17,201,82,green
17,201,59,green
17,201,73,green
17,201,52,green
17,201,2,green
17,201,22,green
17,201,93,green
17,201,58,green
17,216,38,green
17,216,49,green
17,216,82,green
17,216,59,green
17,216,73,green
17,216,52,green
17,216,2,green
17,216,22,green
17,216,93,green
17,216,58,green
17,209,38,green
17,209,49,green
17,209,82,green
17,209,59,green
17,209,73,green
17,209,52,green
17,209,2,green
17,209,22,green
17,209,93,green
17,209,58,green
17,239,38,green
17,239,49,green
17,239,82,green
17,239,59,green
17,239,73,green
17,239,52,green
17,239,2,green
17,239,22,green
17,239,93,green
17,239,58,green
17,241,38,green
17,241,49,green
17,241,82,green
17,241,59,green
17,241,73,green
17,241,52,green
17,241,2,green
17,241,22,green
17,241,93,green
17,241,58,green
17,221,38,green
17,221,49,green
17,221,82,green
17,221,59,green
17,221,73,green
17,221,52,green
17,221,2,green
17,221,22,green
17,221,93,green
17,221,58,green
8,240,38,green
8,240,49,green
8,240,82,green
8,240,59,green
8,240,73,green
8,240,52,green
8,240,2,green
8,240,22,green
8,240,93,green
8,240,58,green
8,236,38,green
8,236,49,green
8,236,82,green
8,236,59,green
8,236,73,green
8,236,52,green
8,236,2,green
8,236,22,green
8,236,93,green
8,236,58,green
8,219,38,green
8,219,49,green
8,219,82,green
8,219,59,green
8,219,73,green
8,219,52,green
8,219,2,green
8,219,22,green
8,219,93,green
8,219,58,green
8,233,38,green
8,233,49,green
8,233,82,green
8,233,59,green
8,233,73,green
8,233,52,green
8,233,2,green
8,233,22,green
8,233,93,green
8,233,58,green
8,201,38,green
8,201,49,green
8,201,82,green
8,201,59,green
8,201,73,green
8,201,52,green
8,201,2,green
8,201,22,green
8,201,93,green
8,201,58,green
8,216,38,green
8,216,49,green
8,216,82,green
8,216,59,green
8,216,73,green
8,216,52,green
8,216,2,green
8,216,22,green
8,216,93,green
8,216,58,green
8,209,38,green
8,209,49,green
8,209,82,green
8,209,59,green
8,209,73,green
8,209,52,green
8,209,2,green
8,209,22,green
8,209,93,green
8,209,58,green
8,239,38,green
8,239,49,green
8,239,82,green
8,239,59,green
8,239,73,green
8,239,52,green
8,239,2,green
8,239,22,green
8,239,93,green
8,239,58,green
8,241,38,green
8,241,49,green
8,241,82,green
8,241,59,green
8,241,73,green
8,241,52,green
8,241,2,green
8,241,22,green
8,241,93,green
8,241,58,green
8,221,38,green
8,221,49,green
8,221,82,green
8,221,59,green
8,221,73,green
8,221,52,green
8,221,2,green
8,221,22,green
8,221,93,green
8,221,58,green
53,240,38,green
53,240,49,green
53,240,82,green
53,240,59,green
53,240,73,green
53,240,52,green
53,240,2,green
53,240,22,green
53,240,93,green
53,240,58,green
53,236,38,green
53,236,49,green
53,236,82,green
53,236,59,green
53,236,73,green
53,236,52,green
53,236,2,green
53,236,22,green
53,236,93,green
53,236,58,green
53,219,38,green
53,219,49,green
53,219,82,green
53,219,59,green
53,219,73,green
53,219,52,green
53,219,2,green
53,219,22,green
53,219,93,green
53,219,58,green
53,233,38,green
53,233,49,green
53,233,82,green
53,233,59,green
53,233,73,green
53,233,52,green
53,233,2,green
53,233,22,green
53,233,93,green
53,233,58,green
53,201,38,green
53,201,49,green
53,201,82,green
53,201,59,green
53,201,73,green
53,201,52,green
53,201,2,green
53,201,22,green
53,201,93,green
53,201,58,green
53,216,38,green
53,216,49,green
53,216,82,green
53,216,59,green
53,216,73,green
53,216,52,green
53,216,2,green
53,216,22,green
53,216,93,green
53,216,58,green
53,209,38,green
53,209,49,green
53,209,82,green
53,209,59,green
53,209,73,green
53,209,52,green
53,209,2,green
53,209,22,green
53,209,93,green
53,209,58,green
53,239,38,green
53,239,49,green
53,239,82,green
53,239,59,green
53,239,73,green
53,239,52,green
53,239,2,green
53,239,22,green
53,239,93,green
53,239,58,green
53,241,38,green
53,241,49,green
53,241,82,green
53,241,59,green
53,241,73,green
53,241,52,green
53,241,2,green
53,241,22,green
53,241,93,green
53,241,58,green
53,221,38,green
53,221,49,green
53,221,82,green
53,221,59,green
53,221,73,green
53,221,52,green
53,221,2,green
53,221,22,green
53,221,93,green
53,221,58,green
77,240,38,green
77,240,49,green
77,240,82,green
77,240,59,green
77,240,73,green
77,240,52,green
77,240,2,green
77,240,22,green
77,240,93,green
77,240,58,green
77,236,38,green
77,236,49,green
77,236,82,green
77,236,59,green
77,236,73,green
77,236,52,green
77,236,2,green
77,236,22,green
77,236,93,green
77,236,58,green
77,219,38,green
77,219,49,green
77,219,82,green
77,219,59,green
77,219,73,green
77,219,52,green
77,219,2,green
77,219,22,green
77,219,93,green
77,219,58,green
77,233,38,green
77,233,49,green
77,233,82,green
77,233,59,green
77,233,73,green
77,233,52,green
77,233,2,green
77,233,22,green
77,233,93,green
77,233,58,green
77,201,38,green
77,201,49,green
77,201,82,green
77,201,59,green
77,201,73,green
77,201,52,green
77,201,2,green
77,201,22,green
77,201,93,green
77,201,58,green
77,216,38,green
77,216,49,green
77,216,82,green
77,216,59,green
77,216,73,green
77,216,52,green
77,216,2,green
77,216,22,green
77,216,93,green
77,216,58,green
77,209,38,green
77,209,49,green
77,209,82,green
77,209,59,green
77,209,73,green
77,209,52,green
77,209,2,green
77,209,22,green
77,209,93,green
77,209,58,green
77,239,38,green
77,239,49,green
77,239,82,green
77,239,59,green
77,239,73,green
77,239,52,green
77,239,2,green
77,239,22,green
77,239,93,green
77,239,58,green
77,241,38,green
77,241,49,green
77,241,82,green
77,241,59,green
77,241,73,green
77,241,52,green
77,241,2,green
77,241,22,green
77,241,93,green
77,241,58,green
77,221,38,green
77,221,49,green
77,221,82,green
77,221,59,green
77,221,73,green
77,221,52,green
77,221,2,green
77,221,22,green
77,221,93,green
77,221,58,green
7,240,38,green
7,240,49,green
7,240,82,green
7,240,59,green
7,240,73,green
7,240,52,green
7,240,2,green
7,240,22,green
7,240,93,green
7,240,58,green
7,236,38,green
7,236,49,green
7,236,82,green
7,236,59,green
7,236,73,green
7,236,52,green
7,236,2,green
7,236,22,green
7,236,93,green
7,236,58,green
7,219,38,green
7,219,49,green
7,219,82,green
7,219,59,green
7,219,73,green
7,219,52,green
7,219,2,green
7,219,22,green
7,219,93,green
7,219,58,green
7,233,38,green
7,233,49,green
7,233,82,green
7,233,59,green
7,233,73,green
7,233,52,green
7,233,2,green
7,233,22,green
7,233,93,green
7,233,58,green
7,201,38,green
7,201,49,green
7,201,82,green
7,201,59,green
7,201,73,green
7,201,52,green
7,201,2,green
7,201,22,green
7,201,93,green
7,201,58,green
7,216,38,green
7,216,49,green
7,216,82,green
7,216,59,green
7,216,73,green
7,216,52,green
7,216,2,green
7,216,22,green
7,216,93,green
7,216,58,green
7,209,38,green
7,209,49,green
7,209,82,green
7,209,59,green
7,209,73,green
7,209,52,green
7,209,2,green
7,209,22,green
7,209,93,green
7,209,58,green
7,239,38,green
7,239,49,green
7,239,82,green
7,239,59,green
7,239,73,green
7,239,52,green
7,239,2,green
7,239,22,green
7,239,93,green
7,239,58,green
7,241,38,green
7,241,49,green
7,241,82,green
7,241,59,green
7,241,73,green
7,241,52,green
7,241,2,green
7,241,22,green
7,241,93,green
7,241,58,green
7,221,38,green
7,221,49,green
7,221,82,green
7,221,59,green
7,221,73,green
7,221,52,green
7,221,2,green
7,221,22,green
7,221,93,green
7,221,58,green
1,240,38,green
1,240,49,green
1,240,82,green
1,240,59,green
1,240,73,green
1,240,52,green
1,240,2,green
1,240,22,green
1,240,93,green
1,240,58,green
1,236,38,green
1,236,49,green
1,236,82,green
1,236,59,green
1,236,73,green
1,236,52,green
1,236,2,green
1,236,22,green
1,236,93,green
1,236,58,green
1,219,38,green
1,219,49,green
1,219,82,green
1,219,59,green
1,219,73,green
1,219,52,green
1,219,2,green
1,219,22,green
1,219,93,green
1,219,58,green
1,233,38,green
1,233,49,green
1,233,82,green
1,233,59,green
1,233,73,green
1,233,52,green
1,233,2,green
1,233,22,green
1,233,93,green
1,233,58,green
1,201,38,green
1,201,49,green
1,201,82,green
1,201,59,green
1,201,73,green
1,201,52,green
1,201,2,green
1,201,22,green
1,201,93,green
1,201,58,green
1,216,38,green
1,216,49,green
1,216,82,green
1,216,59,green
1,216,73,green
1,216,52,green
1,216,2,green
1,216,22,green
1,216,93,green
1,216,58,green
1,209,38,green
1,209,49,green
1,209,82,green
1,209,59,green
1,209,73,green
1,209,52,green
1,209,2,green
1,209,22,green
1,209,93,green
1,209,58,green
1,239,38,green
1,239,49,green
1,239,82,green
1,239,59,green
1,239,73,green
1,239,52,green
1,239,2,green
1,239,22,green
1,239,93,green
1,239,58,green
1,241,38,green
1,241,49,green
1,241,82,green
1,241,59,green
1,241,73,green
1,241,52,green
1,241,2,green
1,241,22,green
1,241,93,green
1,241,58,green
1,221,38,green
1,221,49,green
1,221,82,green
1,221,59,green
1,221,73,green
1,221,52,green
1,221,2,green
1,221,22,green
1,221,93,green
1,221,58,green
97,240,38,green
97,240,49,green
97,240,82,green
97,240,59,green
97,240,73,green
97,240,52,green
97,240,2,green
97,240,22,green
97,240,93,green
97,240,58,green
97,236,38,green
97,236,49,green
97,236,82,green
97,236,59,green
97,236,73,green
97,236,52,green
97,236,2,green
97,236,22,green
97,236,93,green
97,236,58,green
97,219,38,green
97,219,49,green
97,219,82,green
97,219,59,green
97,219,73,green
97,219,52,green
97,219,2,green
97,219,22,green
97,219,93,green
97,219,58,green
97,233,38,green
97,233,49,green
97,233,82,green
97,233,59,green
97,233,73,green
97,233,52,green
97,233,2,green
97,233,22,green
97,233,93,green
97,233,58,green
97,201,38,green
97,201,49,green
97,201,82,green
97,201,59,green
97,201,73,green
97,201,52,green
97,201,2,green
97,201,22,green
97,201,93,green
97,201,58,green
97,216,38,green
97,216,49,green
97,216,82,green
97,216,59,green
97,216,73,green
97,216,52,green
97,216,2,green
97,216,22,green
97,216,93,green
97,216,58,green
97,209,38,green
97,209,49,green
97,209,82,green
97,209,59,green
97,209,73,green
97,209,52,green
97,209,2,green
97,209,22,green
97,209,93,green
97,209,58,green
97,239,38,green
97,239,49,green
97,239,82,green
97,239,59,green
97,239,73,green
97,239,52,green
97,239,2,green
97,239,22,green
97,239,93,green
97,239,58,green
97,241,38,green
97,241,49,green
97,241,82,green
97,241,59,green
97,241,73,green
97,241,52,green
97,241,2,green
97,241,22,green
97,241,93,green
97,241,58,green
97,221,38,green
97,221,49,green
97,221,82,green
97,221,59,green
97,221,73,green
97,221,52,green
97,221,2,green
97,221,22,green
97,221,93,green
97,221,58,green
92,240,38,green
92,240,49,green
92,240,82,green
92,240,59,green
92,240,73,green
92,240,52,green
92,240,2,green
92,240,22,green
92,240,93,green
92,240,58,green
92,236,38,green
92,236,49,green
92,236,82,green
92,236,59,green
92,236,73,green
92,236,52,green
92,236,2,green
92,236,22,green
92,236,93,green
92,236,58,green
92,219,38,green
92,219,49,green
92,219,82,green
92,219,59,green
92,219,73,green
92,219,52,green
92,219,2,green
92,219,22,green
92,219,93,green
92,219,58,green
92,233,38,green
92,233,49,green
92,233,82,green
92,233,59,green
92,233,73,green
92,233,52,green
92,233,2,green
92,233,22,green
92,233,93,green
92,233,58,green
92,201,38,green
92,201,49,green
92,201,82,green
92,201,59,green
92,201,73,green
92,201,52,green
92,201,2,green
92,201,22,green
92,201,93,green
92,201,58,green
92,216,38,green
92,216,49,green
92,216,82,green
92,216,59,green
92,216,73,green
92,216,52,green
92,216,2,green
92,216,22,green
92,216,93,green
92,216,58,green
92,209,38,green
92,209,49,green
92,209,82,green
92,209,59,green
92,209,73,green
92,209,52,green
92,209,2,green
92,209,22,green
92,209,93,green
92,209,58,green
92,239,38,green
92,239,49,green
92,239,82,green
92,239,59,green
92,239,73,green
92,239,52,green
92,239,2,green
92,239,22,green
92,239,93,green
92,239,58,green
92,241,38,green
92,241,49,green
92,241,82,green
92,241,59,green
92,241,73,green
92,241,52,green
92,241,2,green
92,241,22,green
92,241,93,green
92,241,58,green
92,221,38,green
92,221,49,green
92,221,82,green
92,221,59,green
92,221,73,green
92,221,52,green
92,221,2,green
92,221,22,green
92,221,93,green
92,221,58,green
20,23,223,blue
20,23,235,blue
20,23,229,blue
20,23,239,blue
20,23,241,blue
20,23,216,blue
20,23,210,blue
20,23,201,blue
20,23,234,blue
20,23,243,blue
20,83,223,blue
20,83,235,blue
20,83,229,blue
20,83,239,blue
20,83,241,blue
20,83,216,blue
20,83,210,blue
20,83,201,blue
20,83,234,blue
20,83,243,blue
20,98,223,blue
20,98,235,blue
20,98,229,blue
20,98,239,blue
20,98,241,blue
20,98,216,blue
20,98,210,blue
20,98,201,blue
20,98,234,blue
20,98,243,blue
20,40,223,blue
20,40,235,blue
20,40,229,blue
20,40,239,blue
20,40,241,blue
20,40,216,blue
20,40,210,blue
20,40,201,blue
20,40,234,blue
20,40,243,blue
20,57,223,blue
20,57,235,blue
20,57,229,blue
20,57,239,blue
20,57,241,blue
20,57,216,blue
20,57,210,blue
20,57,201,blue
20,57,234,blue
20,57,243,blue
20,64,223,blue
20,64,235,blue
20,64,229,blue
20,64,239,blue
20,64,241,blue
20,64,216,blue
20,64,210,blue
20,64,201,blue
20,64,234,blue
20,64,243,blue
20,91,223,blue
20,91,235,blue
20,91,229,blue
20,91,239,blue
20,91,241,blue
20,91,216,blue
20,91,210,blue
20,91,201,blue
20,91,234,blue
20,91,243,blue
20,60,223,blue
20,60,235,blue
20,60,229,blue
20,60,239,blue
20,60,241,blue
20,60,216,blue
20,60,210,blue
20,60,201,blue
20,60,234,blue
20,60,243,blue
20,67,223,blue
20,67,235,blue
20,67,229,blue
20,67,239,blue
20,67,241,blue
20,67,216,blue
20,67,210,blue
20,67,201,blue
20,67,234,blue
20,67,243,blue
20,36,223,blue
20,36,235,blue
20,36,229,blue
20,36,239,blue
20,36,241,blue
20,36,216,blue
20,36,210,blue
20,36,201,blue
20,36,234,blue
20,36,243,blue
6,23,223,blue
6,23,235,blue
6,23,229,blue
6,23,239,blue
6,23,241,blue
6,23,216,blue
6,23,210,blue
6,23,201,blue
6,23,234,blue
6,23,243,blue
6,83,223,blue
6,83,235,blue
6,83,229,blue
6,83,239,blue
6,83,241,blue
6,83,216,blue
6,83,210,blue
6,83,201,blue
6,83,234,blue
6,83,243,blue
6,98,223,blue
6,98,235,blue
6,98,229,blue
6,98,239,blue
6,98,241,blue
6,98,216,blue
6,98,210,blue
6,98,201,blue
6,98,234,blue
6,98,243,blue
6,40,223,blue
6,40,235,blue
6,40,229,blue
6,40,239,blue
6,40,241,blue
6,40,216,blue
6,40,210,blue
6,40,201,blue
6,40,234,blue
6,40,243,blue
6,57,223,blue
6,57,235,blue
6,57,229,blue
6,57,239,blue
6,57,241,blue
6,57,216,blue
6,57,210,blue
6,57,201,blue
6,57,234,blue
6,57,243,blue
6,64,223,blue
6,64,235,blue
6,64,229,blue
6,64,239,blue
6,64,241,blue
6,64,216,blue
6,64,210,blue
6,64,201,blue
6,64,234,blue
6,64,243,blue
6,91,223,blue
6,91,235,blue
6,91,229,blue
6,91,239,blue
6,91,241,blue
6,91,216,blue
6,91,210,blue
6,91,201,blue
6,91,234,blue
6,91,243,blue
6,60,223,blue
6,60,235,blue
6,60,229,blue
6,60,239,blue
6,60,241,blue
6,60,216,blue
6,60,210,blue
6,60,201,blue
6,60,234,blue
6,60,243,blue
6,67,223,blue
6,67,235,blue
6,67,229,blue
6,67,239,blue
6,67,241,blue
6,67,216,blue
6,67,210,blue
6,67,201,blue
6,67,234,blue
6,67,243,blue
6,36,223,blue
6,36,235,blue
6,36,229,blue
6,36,239,blue
6,36,241,blue
6,36,216,blue
6,36,210,blue
6,36,201,blue
6,36,234,blue
6,36,243,blue
96,23,223,blue
96,23,235,blue
96,23,229,blue
96,23,239,blue
96,23,241,blue
96,23,216,blue
96,23,210,blue
96,23,201,blue
96,23,234,blue
96,23,243,blue
96,83,223,blue
96,83,235,blue
96,83,229,blue
96,83,239,blue
96,83,241,blue
96,83,216,blue
96,83,210,blue
96,83,201,blue
96,83,234,blue
96,83,243,blue
96,98,223,blue
96,98,235,blue
96,98,229,blue
96,98,239,blue
96,98,241,blue
96,98,216,blue
96,98,210,blue
96,98,201,blue
96,98,234,blue
96,98,243,blue
96,40,223,blue
96,40,235,blue
96,40,229,blue
96,40,239,blue
96,40,241,blue
96,40,216,blue
96,40,210,blue
96,40,201,blue
96,40,234,blue
96,40,243,blue
96,57,223,blue
96,57,235,blue
96,57,229,blue
96,57,239,blue
96,57,241,blue
96,57,216,blue
96,57,210,blue
96,57,201,blue
96,57,234,blue
96,57,243,blue
96,64,223,blue
96,64,235,blue
96,64,229,blue
96,64,239,blue
96,64,241,blue
96,64,216,blue
96,64,210,blue
96,64,201,blue
96,64,234,blue
96,64,243,blue
96,91,223,blue
96,91,235,blue
96,91,229,blue
96,91,239,blue
96,91,241,blue
96,91,216,blue
96,91,210,blue
96,91,201,blue
96,91,234,blue
96,91,243,blue
96,60,223,blue
96,60,235,blue
96,60,229,blue
96,60,239,blue
96,60,241,blue
96,60,216,blue
96,60,210,blue
96,60,201,blue
96,60,234,blue
96,60,243,blue
96,67,223,blue
96,67,235,blue
96,67,229,blue
96,67,239,blue
96,67,241,blue
96,67,216,blue
96,67,210,blue
96,67,201,blue
96,67,234,blue
96,67,243,blue
96,36,223,blue
96,36,235,blue
96,36,229,blue
96,36,239,blue
96,36,241,blue
96,36,216,blue
96,36,210,blue
96,36,201,blue
96,36,234,blue
96,36,243,blue
5,23,223,blue
5,23,235,blue
5,23,229,blue
5,23,239,blue
5,23,241,blue
5,23,216,blue
5,23,210,blue
5,23,201,blue
5,23,234,blue
5,23,243,blue
5,83,223,blue
5,83,235,blue
5,83,229,blue
5,83,239,blue
5,83,241,blue
5,83,216,blue
5,83,210,blue
5,83,201,blue
5,83,234,blue
5,83,243,blue
5,98,223,blue
5,98,235,blue
5,98,229,blue
5,98,239,blue
5,98,241,blue
5,98,216,blue
5,98,210,blue
5,98,201,blue
5,98,234,blue
5,98,243,blue
5,40,223,blue
5,40,235,blue
5,40,229,blue
5,40,239,blue
5,40,241,blue
5,40,216,blue
5,40,210,blue
5,40,201,blue
5,40,234,blue
5,40,243,blue
5,57,223,blue
5,57,235,blue
5,57,229,blue
5,57,239,blue
5,57,241,blue
5,57,216,blue
5,57,210,blue
5,57,201,blue
5,57,234,blue
5,57,243,blue
5,64,223,blue
5,64,235,blue
5,64,229,blue
5,64,239,blue
5,64,241,blue
5,64,216,blue
5,64,210,blue
5,64,201,blue
5,64,234,blue
5,64,243,blue
5,91,223,blue
5,91,235,blue
5,91,229,blue
5,91,239,blue
5,91,241,blue
5,91,216,blue
5,91,210,blue
5,91,201,blue
5,91,234,blue
5,91,243,blue
5,60,223,blue
5,60,235,blue
5,60,229,blue
5,60,239,blue
5,60,241,blue
5,60,216,blue
5,60,210,blue
5,60,201,blue
5,60,234,blue
5,60,243,blue
5,67,223,blue
5,67,235,blue
5,67,229,blue
5,67,239,blue
5,67,241,blue
5,67,216,blue
5,67,210,blue
5,67,201,blue
5,67,234,blue
5,67,243,blue
5,36,223,blue
5,36,235,blue
5,36,229,blue
5,36,239,blue
5,36,241,blue
5,36,216,blue
5,36,210,blue
5,36,201,blue
5,36,234,blue
5,36,243,blue
35,23,223,blue
35,23,235,blue
35,23,229,blue
35,23,239,blue
35,23,241,blue
35,23,216,blue
35,23,210,blue
35,23,201,blue
35,23,234,blue
35,23,243,blue
35,83,223,blue
35,83,235,blue
35,83,229,blue
35,83,239,blue
35,83,241,blue
35,83,216,blue
35,83,210,blue
35,83,201,blue
35,83,234,blue
35,83,243,blue
35,98,223,blue
35,98,235,blue
35,98,229,blue
35,98,239,blue
35,98,241,blue
35,98,216,blue
35,98,210,blue
35,98,201,blue
35,98,234,blue
35,98,243,blue
35,40,223,blue
35,40,235,blue
35,40,229,blue
35,40,239,blue
35,40,241,blue
35,40,216,blue
35,40,210,blue
35,40,201,blue
35,40,234,blue
35,40,243,blue
35,57,223,blue
35,57,235,blue
35,57,229,blue
35,57,239,blue
35,57,241,blue
35,57,216,blue
35,57,210,blue
35,57,201,blue
35,57,234,blue
35,57,243,blue
35,64,223,blue
35,64,235,blue
35,64,229,blue
35,64,239,blue
35,64,241,blue
35,64,216,blue
35,64,210,blue
35,64,201,blue
35,64,234,blue
35,64,243,blue
35,91,223,blue
35,91,235,blue
35,91,229,blue
35,91,239,blue
35,91,241,blue
35,91,216,blue
35,91,210,blue
35,91,201,blue
35,91,234,blue
35,91,243,blue
35,60,223,blue
35,60,235,blue
35,60,229,blue
35,60,239,blue
35,60,241,blue
35,60,216,blue
35,60,210,blue
35,60,201,blue
35,60,234,blue
35,60,243,blue
35,67,223,blue
35,67,235,blue
35,67,229,blue
35,67,239,blue
35,67,241,blue
35,67,216,blue
35,67,210,blue
35,67,201,blue
35,67,234,blue
35,67,243,blue
35,36,223,blue
35,36,235,blue
35,36,229,blue
35,36,239,blue
35,36,241,blue
35,36,216,blue
35,36,210,blue
35,36,201,blue
35,36,234,blue
35,36,243,blue
93,23,223,blue
93,23,235,blue
93,23,229,blue
93,23,239,blue
93,23,241,blue
93,23,216,blue
93,23,210,blue
93,23,201,blue
93,23,234,blue
93,23,243,blue
93,83,223,blue
93,83,235,blue
93,83,229,blue
93,83,239,blue
93,83,241,blue
93,83,216,blue
93,83,210,blue
93,83,201,blue
93,83,234,blue
93,83,243,blue
93,98,223,blue
93,98,235,blue
93,98,229,blue
93,98,239,blue
93,98,241,blue
93,98,216,blue
93,98,210,blue
93,98,201,blue
93,98,234,blue
93,98,243,blue
93,40,223,blue
93,40,235,blue
93,40,229,blue
93,40,239,blue
93,40,241,blue
93,40,216,blue
93,40,210,blue
93,40,201,blue
93,40,234,blue
93,40,243,blue
93,57,223,blue
93,57,235,blue
93,57,229,blue
93,57,239,blue
93,57,241,blue
93,57,216,blue
93,57,210,blue
93,57,201,blue
93,57,234,blue
93,57,243,blue
93,64,223,blue
93,64,235,blue
93,64,229,blue
93,64,239,blue
93,64,241,blue
93,64,216,blue
93,64,210,blue
93,64,201,blue
93,64,234,blue
93,64,243,blue
93,91,223,blue
93,91,235,blue
93,91,229,blue
93,91,239,blue
93,91,241,blue
93,91,216,blue
93,91,210,blue
93,91,201,blue
93,91,234,blue
93,91,243,blue
93,60,223,blue
93,60,235,blue
93,60,229,blue
93,60,239,blue
93,60,241,blue
93,60,216,blue
93,60,210,blue
93,60,201,blue
93,60,234,blue
93,60,243,blue
93,67,223,blue
93,67,235,blue
93,67,229,blue
93,67,239,blue
93,67,241,blue
93,67,216,blue
93,67,210,blue
93,67,201,blue
93,67,234,blue
93,67,243,blue
93,36,223,blue
93,36,235,blue
93,36,229,blue
93,36,239,blue
93,36,241,blue
93,36,216,blue
93,36,210,blue
93,36,201,blue
93,36,234,blue
93,36,243,blue
14,23,223,blue
14,23,235,blue
14,23,229,blue
14,23,239,blue
14,23,241,blue
14,23,216,blue
14,23,210,blue
14,23,201,blue
14,23,234,blue
14,23,243,blue
14,83,223,blue
14,83,235,blue
14,83,229,blue
14,83,239,blue
14,83,241,blue
14,83,216,blue
14,83,210,blue
14,83,201,blue
14,83,234,blue
14,83,243,blue
14,98,223,blue
14,98,235,blue
14,98,229,blue
14,98,239,blue
14,98,241,blue
14,98,216,blue
14,98,210,blue
14,98,201,blue
14,98,234,blue
14,98,243,blue
14,40,223,blue
14,40,235,blue
14,40,229,blue
14,40,239,blue
14,40,241,blue
14,40,216,blue
14,40,210,blue
14,40,201,blue
14,40,234,blue
14,40,243,blue
14,57,223,blue
14,57,235,blue
14,57,229,blue
14,57,239,blue
14,57,241,blue
14,57,216,blue
14,57,210,blue
14,57,201,blue
14,57,234,blue
14,57,243,blue
14,64,223,blue
14,64,235,blue
14,64,229,blue
14,64,239,blue
14,64,241,blue
14,64,216,blue
14,64,210,blue
14,64,201,blue
14,64,234,blue
14,64,243,blue
14,91,223,blue
14,91,235,blue
14,91,229,blue
14,91,239,blue
14,91,241,blue
14,91,216,blue
14,91,210,blue
14,91,201,blue
14,91,234,blue
14,91,243,blue
14,60,223,blue
14,60,235,blue
14,60,229,blue
14,60,239,blue
14,60,241,blue
14,60,216,blue
14,60,210,blue
14,60,201,blue
14,60,234,blue
14,60,243,blue
14,67,223,blue
14,67,235,blue
14,67,229,blue
14,67,239,blue
14,67,241,blue
14,67,216,blue
14,67,210,blue
14,67,201,blue
14,67,234,blue
14,67,243,blue
14,36,223,blue
14,36,235,blue
14,36,229,blue
14,36,239,blue
14,36,241,blue
14,36,216,blue
14,36,210,blue
14,36,201,blue
14,36,234,blue
14,36,243,blue
75,23,223,blue
75,23,235,blue
75,23,229,blue
75,23,239,blue
75,23,241,blue
75,23,216,blue
75,23,210,blue
75,23,201,blue
75,23,234,blue
75,23,243,blue
75,83,223,blue
75,83,235,blue
75,83,229,blue
75,83,239,blue
75,83,241,blue
75,83,216,blue
75,83,210,blue
75,83,201,blue
75,83,234,blue
75,83,243,blue
75,98,223,blue
75,98,235,blue
75,98,229,blue
75,98,239,blue
75,98,241,blue
75,98,216,blue
75,98,210,blue
75,98,201,blue
75,98,234,blue
75,98,243,blue
75,40,223,blue
75,40,235,blue
75,40,229,blue
75,40,239,blue
75,40,241,blue
75,40,216,blue
75,40,210,blue
75,40,201,blue
75,40,234,blue
75,40,243,blue
75,57,223,blue
75,57,235,blue
75,57,229,blue
75,57,239,blue
75,57,241,blue
75,57,216,blue
75,57,210,blue
75,57,201,blue
75,57,234,blue
75,57,243,blue
75,64,223,blue
75,64,235,blue
75,64,229,blue
75,64,239,blue
75,64,241,blue
75,64,216,blue
75,64,210,blue
75,64,201,blue
75,64,234,blue
75,64,243,blue
75,91,223,blue
75,91,235,blue
75,91,229,blue
75,91,239,blue
75,91,241,blue
75,91,216,blue
75,91,210,blue
75,91,201,blue
75,91,234,blue
75,91,243,blue
75,60,223,blue
75,60,235,blue
75,60,229,blue
75,60,239,blue
75,60,241,blue
75,60,216,blue
75,60,210,blue
75,60,201,blue
75,60,234,blue
75,60,243,blue
75,67,223,blue
75,67,235,blue
75,67,229,blue
75,67,239,blue
75,67,241,blue
75,67,216,blue
75,67,210,blue
75,67,201,blue
75,67,234,blue
75,67,243,blue
75,36,223,blue
75,36,235,blue
75,36,229,blue
75,36,239,blue
75,36,241,blue
75,36,216,blue
75,36,210,blue
75,36,201,blue
75,36,234,blue
75,36,243,blue
33,23,223,blue
33,23,235,blue
33,23,229,blue
33,23,239,blue
33,23,241,blue
33,23,216,blue
33,23,210,blue
33,23,201,blue
33,23,234,blue
33,23,243,blue
33,83,223,blue
33,83,235,blue
33,83,229,blue
33,83,239,blue
33,83,241,blue
33,83,216,blue
33,83,210,blue
33,83,201,blue
33,83,234,blue
33,83,243,blue
33,98,223,blue
33,98,235,blue
33,98,229,blue
33,98,239,blue
33,98,241,blue
33,98,216,blue
33,98,210,blue
33,98,201,blue
33,98,234,blue
33,98,243,blue
33,40,223,blue
33,40,235,blue
33,40,229,blue
33,40,239,blue
33,40,241,blue
33,40,216,blue
33,40,210,blue
33,40,201,blue
33,40,234,blue
33,40,243,blue
33,57,223,blue
33,57,235,blue
33,57,229,blue
33,57,239,blue
33,57,241,blue
33,57,216,blue
33,57,210,blue
33,57,201,blue
33,57,234,blue
33,57,243,blue
33,64,223,blue
33,64,235,blue
33,64,229,blue
33,64,239,blue
33,64,241,blue
33,64,216,blue
33,64,210,blue
33,64,201,blue
33,64,234,blue
33,64,243,blue
33,91,223,blue
33,91,235,blue
33,91,229,blue
33,91,239,blue
33,91,241,blue
33,91,216,blue
33,91,210,blue
33,91,201,blue
33,91,234,blue
33,91,243,blue
33,60,223,blue
33,60,235,blue
33,60,229,blue
33,60,239,blue
33,60,241,blue
33,60,216,blue
33,60,210,blue
33,60,201,blue
33,60,234,blue
33,60,243,blue
33,67,223,blue
33,67,235,blue
33,67,229,blue
33,67,239,blue
33,67,241,blue
33,67,216,blue
33,67,210,blue
33,67,201,blue
33,67,234,blue
33,67,243,blue
33,36,223,blue
33,36,235,blue
33,36,229,blue
33,36,239,blue
33,36,241,blue
33,36,216,blue
33,36,210,blue
33,36,201,blue
33,36,234,blue
33,36,243,blue
44,23,223,blue
44,23,235,blue
44,23,229,blue
44,23,239,blue
44,23,241,blue
44,23,216,blue
44,23,210,blue
44,23,201,blue
44,23,234,blue
44,23,243,blue
44,83,223,blue
44,83,235,blue
44,83,229,blue
44,83,239,blue
44,83,241,blue
44,83,216,blue
44,83,210,blue
44,83,201,blue
44,83,234,blue
44,83,243,blue
44,98,223,blue
44,98,235,blue
44,98,229,blue
44,98,239,blue
44,98,241,blue
44,98,216,blue
44,98,210,blue
44,98,201,blue
44,98,234,blue
44,98,243,blue
44,40,223,blue
44,40,235,blue
44,40,229,blue
44,40,239,blue
44,40,241,blue
44,40,216,blue
44,40,210,blue
44,40,201,blue
44,40,234,blue
44,40,243,blue
44,57,223,blue
44,57,235,blue
44,57,229,blue
44,57,239,blue
44,57,241,blue
44,57,216,blue
44,57,210,blue
44,57,201,blue
44,57,234,blue
44,57,243,blue
44,64,223,blue
44,64,235,blue
44,64,229,blue
44,64,239,blue
44,64,241,blue
44,64,216,blue
44,64,210,blue
44,64,201,blue
44,64,234,blue
44,64,243,blue
44,91,223,blue
44,91,235,blue
44,91,229,blue
44,91,239,blue
44,91,241,blue
44,91,216,blue
44,91,210,blue
44,91,201,blue
44,91,234,blue
44,91,243,blue
44,60,223,blue
44,60,235,blue
44,60,229,blue
44,60,239,blue
44,60,241,blue
44,60,216,blue
44,60,210,blue
44,60,201,blue
44,60,234,blue
44,60,243,blue
44,67,223,blue
44,67,235,blue
44,67,229,blue
44,67,239,blue
44,67,241,blue
44,67,216,blue
44,67,210,blue
44,67,201,blue
44,67,234,blue
44,67,243,blue
44,36,223,blue
44,36,235,blue
44,36,229,blue
44,36,239,blue
44,36,241,blue
44,36,216,blue
44,36,210,blue
44,36,201,blue
44,36,234,blue
44,36,243,blue